{
    "channel_id": [
        "UCZMsvbAhhRblVGXmEXW8TSA"
    ],
    "channel_name": [
        "WELT Nachrichtensender"
    ],
    "channel_description": [
        "WELT (ehemals N24) - Deutschlands erfolgreichster Nachrichtensender. Hier findet ihr alle relevanten News, Beitr\u00e4ge, Schalten ..."
    ],
    "channel_subscribers": [
        1680000
    ],
    "channel_view_count": [
        2906144239
    ],
    "channel_video_count": [
        59044
    ],
    "channel_published_date": [
        "2011-05-04T14:49:18Z"
    ],
    "playlist_id": [
        "UUZMsvbAhhRblVGXmEXW8TSA"
    ]
}