[
    {
        "video_id": "MlOVlSQq8uo",
        "channel_title": "WELT Nachrichtensender",
        "title": "FUSSBALL-EM 2024: Jetzt geht\u2019s los: Ticket-Verkauf f\u00fcr Europameisterschaft in Deutschland startet",
        "description": "#fu\u00dfball #euro2024 #weltnachrichtensender \n\nAn diesem Dienstag um 14.00 Uhr startet die erste Verkaufsphase f\u00fcr Tickets der Fu\u00dfball-Europameisterschaft im kommenden Jahr in Deutschland. Wer Spiele live im Stadion sehen m\u00f6chte, hat hier wahrscheinlich die besten Chancen. Denn bis 26. Oktober werden insgesamt \u00fcber 1,2 Millionen Eintrittskarten f\u00fcr die EM vom 14. Juni bis 14. Juli 2024 vergeben. Das sind mehr als in jeder danach folgenden Verkaufsphase.\u00a0\n\nDer Nachteil f\u00fcr die Fans: Sie wissen - mit Ausnahme von Gastgeber Deutschland - bei ihren Oktober-Bewerbungen nicht, welche Mannschaften sie sehen. Die Auslosung der EM-Endrunde findet erst am 2. Dezember in Hamburg statt. Sportlich hat sich bislang noch kein Team qualifiziert.\n\nPro Person kann sich auf maximal vier Tickets beworben werden. Die Ticketpreise reichen von 30 Euro (g\u00fcnstigste Kategorie der Vorrunde) bis 1000 Euro (h\u00f6chste Kategorie im Finale von Berlin). Angesichts der gr\u00f6\u00dferen Entfernungen der Stadien k\u00f6nnen Fans - anders als in Katar - nur f\u00fcr ein Spiel pro Tag Karten erhalten.\n\nF\u00fcr Sammler von Papierkarten gibt es bereits jetzt schlechte Nachrichten: Die Tickets soll es, wie schon bei der WM in Katar, ausschlie\u00dflich digital geben.\u00a0\n\nAbonniere den WELT YouTube Channel https://www.youtube.com/WELTVideoTV\nWELT DOKU Channel https://www.youtube.com/c/WELTDoku\nWELT Podcast Channel https://www.youtube.com/c/WELTPodcast\nWELT Netzreporter Channel https://www.youtube.com/c/DieNetzreporter\nDer WELT Nachrichten-Livestream http://bit.ly/2fwuMPg\nDie Top-Nachrichten auf WELT.de http://bit.ly/2rQQD9Q\nDie Mediathek auf WELT.de http://bit.ly/2Iydxv8\nWELT Nachrichtensender auf Instagram https://www.instagram.com/welt.nachrichtensender/\nWELT auf Instagram https://www.instagram.com/welt/\n\nIn eigener Sache: Wegen des hohen Aufkommens unsachlicher und beleidigender Beitr\u00e4ge k\u00f6nnen wir zurzeit keine Kommentare mehr zulassen. \n\nDanke f\u00fcr Eurer Verst\u00e4ndnis - das WELT-Team\n\nVideo 2023 erstellt",
        "publish_at": "2023-10-03",
        "view_count": 332,
        "like_count": 9,
        "duration": "00:02:12"
    },
    {
        "video_id": "iF2_R8kSqg8",
        "channel_title": "WELT Nachrichtensender",
        "title": "KRIEG IN DER UKRAINE: EU von Lissabon bis Luhansk? Annalena Baerbocks gro\u00dfes Versprechen von Kiew?",
        "description": "KRIEG IN DER UKRAINE: EU von Lissabon bis Luhansk? Wie stellt Annalena Baerbock sich das vor?\n\n#ukraine #baerbock #weltnachrichtensender \n\nBundesau\u00dfenministerin Annalena Baerbock hat zum Auftakt des EU-Au\u00dfenministertreffens in Kiew ihre Forderung nach einem \u00abWinterschutzschirm\u00bb f\u00fcr die Ukraine bekr\u00e4ftigt. Dazu geh\u00f6re der Ausbau der Luftverteidigung, die Lieferung von Strom-Generatoren und die St\u00e4rkung der Energieversorgung insgesamt.\n\n\u00abWir haben im letzten Winter gesehen, in welcher brutalen Weise der russische Pr\u00e4sident diesen Krieg auch f\u00fchrt, indem er bewusst Elektrizit\u00e4tswerke angreift\u00bb, sagte die Gr\u00fcnen-Politikerin am Montag in Kiew. Wladimir Putin setze damit darauf, dass damit dann auch die Wasserversorgung bei Temperaturen von 20 Grad unter dem Gefrierpunkt einbreche. \u00abDas m\u00fcssen wir gemeinsam mit allem was wir haben so weit es geht verhindern.\u00bb Deutschland hat die Ukraine bereits massiv mit Luftverteidigungssystemen wie Iris-T und Patriot unterst\u00fctzt.\n\nBaerbock bekr\u00e4ftigte auch das Versprechen der EU, die Ukraine zu einem noch unbestimmten Zeitpunkt in die Staatengemeinschaft mit ihren derzeit 27 Mitgliedern aufzunehmen. \u00abDie Zukunft der Ukraine liegt in der Europ\u00e4ischen Union, in dieser Gemeinschaft der Freiheit. Und die wird sich bald erstrecken von Lissabon bis Luhansk.\u00bb Die Ukraine ist seit Juni 2022 EU-Beitrittskandidat. Die Verhandlungen \u00fcber eine Aufnahme k\u00f6nnen aber mehrere Jahre dauern und werden auch ergebnisoffen gef\u00fchrt, garantieren also keine Aufnahme.\n\nBaerbock war am Montagmorgen zusammen mit anderen EU-Au\u00dfenministern in Kiew eingetroffen. Seit Russlands Angriff auf die Ukraine ist noch nie eine so gro\u00dfe Gruppe ranghoher ausl\u00e4ndischer Politikerinnen und Politiker nach Kiew gekommen. \u00abMit diesem Au\u00dfenrat der EU-Au\u00dfenminister bringen wir die Europ\u00e4ische Union dorthin, wo das Herz Europas derzeit am st\u00e4rksten schl\u00e4gt\u00bb, betonte Baerbock.\n\nAbonniere den WELT YouTube Channel https://www.youtube.com/WELTVideoTV\nWELT DOKU Channel https://www.youtube.com/c/WELTDoku\nWELT Podcast Channel https://www.youtube.com/c/WELTPodcast\nWELT Netzreporter Channel https://www.youtube.com/c/DieNetzreporter\nDer WELT Nachrichten-Livestream http://bit.ly/2fwuMPg\nDie Top-Nachrichten auf WELT.de http://bit.ly/2rQQD9Q\nDie Mediathek auf WELT.de http://bit.ly/2Iydxv8\nWELT Nachrichtensender auf Instagram https://www.instagram.com/welt.nachrichtensender/\nWELT auf Instagram https://www.instagram.com/welt/\n\nIn eigener Sache: Wegen des hohen Aufkommens unsachlicher und beleidigender Beitr\u00e4ge k\u00f6nnen wir zurzeit keine Kommentare mehr zulassen. \n\nDanke f\u00fcr Eurer Verst\u00e4ndnis - das WELT-Team\n\nVideo 2023 erstellt",
        "publish_at": "2023-10-03",
        "view_count": 2752,
        "like_count": 41,
        "duration": "00:01:40"
    },
    {
        "video_id": "Ee_3FqW2rz0",
        "channel_title": "WELT Nachrichtensender",
        "title": "POTENTIAL IN OSTDEUTSCHLAND: Wirtschaftsweise sieht Chancen im Klimawandel \u2013 warnt vor Extremismus",
        "description": "POTENTIAL IN OSTDEUTSCHLAND: Wirtschaftsweise sieht Chancen im Klimawandel \u2013 warnt vor Extremismus\n\nDie ostdeutsche Wirtschaft hat schwierige Jahrzehnte seit der Wiedervereinigung hinter sich. Doch das k\u00f6nnte sich laut der Wirtschaftsweisen Veronika Grimm bald \u00e4ndern\nSie sieht den Osten Deutschlands zunehmend im Vorteil als Wirtschaftsstandort. So versch\u00f6ben sich laut der Expertin wegen des Klimawandels die relativen Standortvorteile in Deutschland. Davon k\u00f6nnten vor allem die ostdeutschen Fl\u00e4chenl\u00e4nder profitieren, die ein deutlich gr\u00f6\u00dferes Potential f\u00fcr erneuerbare Energien haben als der dichter besiedelte Westen - so Grimm im Interview mit der Funke-Mediengruppe. Als Bedrohung sehe sie allerdings die wachsende Zustimmung zu extremistischen Parteien - vor allem zur AfD. \n\n#wiedervereinigung #ostdeutschland #grimm \n\nAbonniere den WELT YouTube Channel https://www.youtube.com/WELTVideoTV\nWELT DOKU Channel https://www.youtube.com/c/WELTDoku\nWELT Podcast Channel https://www.youtube.com/c/WELTPodcast\nWELT Netzreporter Channel https://www.youtube.com/c/DieNetzreporter\nDer WELT Nachrichten-Livestream http://bit.ly/2fwuMPg\nDie Top-Nachrichten auf WELT.de http://bit.ly/2rQQD9Q\nDie Mediathek auf WELT.de http://bit.ly/2Iydxv8\nWELT Nachrichtensender auf Instagram https://www.instagram.com/welt.nachrichtensender/\nWELT auf Instagram https://www.instagram.com/welt/\n\nIn eigener Sache: Wegen des hohen Aufkommens unsachlicher und beleidigender Beitr\u00e4ge k\u00f6nnen wir zurzeit keine Kommentare mehr zulassen. \n\nDanke f\u00fcr Eurer Verst\u00e4ndnis - das WELT-Team\n\nVideo 2023 erstellt",
        "publish_at": "2023-10-03",
        "view_count": 916,
        "like_count": 16,
        "duration": "00:00:56"
    },
    {
        "video_id": "ZO7N68Ov6SY",
        "channel_title": "WELT Nachrichtensender",
        "title": "BRENNPUNKT HAUPTBAHNHOF: Wie Polizei gegen Kriminalit\u00e4t und Drogenelend in Frankfurt k\u00e4mpft | WELT",
        "description": "Das Bahnhofsviertel in Frankfurt am Main gilt als eine der gef\u00e4hrlichsten Gegenden Deutschlands. Drogenhandel, Drogenkonsum, Beschaffungskriminalit\u00e4t, Menschenhandel, Raub. Wenn es irgendwie geht, versucht man den verkommenen Kiez am Hauptbahnhof der Mainmetropole zu meiden. Seit sechs Jahren ist eine eigene Ermittlungseinheit nur f\u00fcr das Bahnhofsviertel zust\u00e4ndig. Mike-Oliver Woyth und Christoph Bl\u00e4tgen haben eine Razzia gegen Drogenh\u00e4ndler begleitet.\n\n#frankfurt #polizei #weltnachrichtensender \n\nAbonniere den WELT YouTube Channel https://www.youtube.com/WELTVideoTV\nWELT DOKU Channel https://www.youtube.com/c/WELTDoku\nWELT Podcast Channel https://www.youtube.com/c/WELTPodcast\nWELT Netzreporter Channel https://www.youtube.com/c/DieNetzreporter\nDer WELT Nachrichten-Livestream http://bit.ly/2fwuMPg\nDie Top-Nachrichten auf WELT.de http://bit.ly/2rQQD9Q\nDie Mediathek auf WELT.de http://bit.ly/2Iydxv8\nWELT Nachrichtensender auf Instagram https://www.instagram.com/welt.nachrichtensender/\nWELT auf Instagram https://www.instagram.com/welt/\n\nIn eigener Sache: Wegen des hohen Aufkommens unsachlicher und beleidigender Beitr\u00e4ge k\u00f6nnen wir zurzeit keine Kommentare mehr zulassen. \n\nDanke f\u00fcr Eurer Verst\u00e4ndnis - das WELT-Team\n\nVideo 2023 erstellt",
        "publish_at": "2023-10-03",
        "view_count": 15996,
        "like_count": 354,
        "duration": "00:05:16"
    },
    {
        "video_id": "0RASAQfNrm0",
        "channel_title": "WELT Nachrichtensender",
        "title": "33 JAHRE DEUTSCHE EINHEIT: Was l\u00e4uft schief? Jeder f\u00fcnfte Ostdeutsche verdient unter 13 Euro brutto",
        "description": "33 JAHRE DEUTSCHE EINHEIT: Was l\u00e4uft schief? Jeder f\u00fcnfte Ostdeutsche verdient unter 13 Euro brutto\n\n#deutschland #wiedervereinigung #weltnachrichtensender \n\nAuch 33 Jahre nach der Wiedervereinigung ist der Niedriglohnsektor im Osten einem Bericht zufolge deutlich gr\u00f6\u00dfer als im Westen. So verdient knapp jeder f\u00fcnfte Ostdeutsche derzeit weniger als 13 Euro brutto pro Stunde, wie aus einer von der Linksfraktion im Bundestag in Auftrag gegebenen Sonderauswertung des Statistischen Bundesamtes hervorgeht, \u00fcber die die \"Neue Osnabr\u00fccker Zeitung\" (NOZ, Montagsausgabe) berichtete. Demnach verdient in den westdeutschen Bundesl\u00e4ndern weniger als jeder sechste weniger als 13 Euro brutto pro Stunde.\n\nKnapp eine Million von insgesamt f\u00fcnf Millionen Besch\u00e4ftigten im Osten erhielten weniger als 13 Euro. Betroffen sind demnach vor allem Frauen in den neuen Bundesl\u00e4ndern, von denen deutlich mehr als jede f\u00fcnfte (21,4 Prozent) unterhalb dieses Betrags liegt. Insgesamt zeigen sich dem Bericht zufolge bei allen abgefragten Stundenl\u00f6hnen deutliche Unterschiede zwischen Ost und West.\u00a0\n\n\"Das Land ist von einer Lohneinheit weit entfernt\", sagte der Linken-Fraktionschef Dietmar Bartsch, der die Anfrage gestellt hatte, der NOZ. Er forderte einen Mindestlohn von 14 Euro ab dem 1. Januar 2024. Die f\u00fcr Anfang des kommenden Jahres geplante Anhebung auf 12,41 Euro seien \"eine politische Unversch\u00e4mtheit und ein herber Reallohnverlust\".\n\nVor dem Tag der Deutschen Einheit rief Bartsch zudem Bundeskanzler Olaf Scholz (SPD) dazu auf, ein Spitzentreffen zu Ostdeutschland einzuberufen. \"Die Unzufriedenheit im Osten kocht \u00fcber\", sagte Bartsch den Zeitungen des Redaktionsnetzwerks Deutschland (RND, Montagsausgaben). \"Es braucht einen Ostdeutschland-Gipfel im Kanzleramt.\"\n\nDie Bundesregierung m\u00fcsse \"eine sp\u00fcrbare Wende ihrer Politik hinlegen, wenn es nicht ein politisches Desaster bei den Landtagswahlen im Osten im kommenden Jahr geben soll\", sagte Bartsch den RND-Zeitungen. N\u00f6tig seien eine konsequente Anti-Inflationspolitik, eine Angleichung der L\u00f6hne in Ost und West bis 2025 und eine Reform des Rentensystems.\n\n2024 wird in Sachsen, Th\u00fcringen und Brandenburg ein neuer Landtag gew\u00e4hlt. In allen drei Bundesl\u00e4ndern war die AfD in Wahlumfragen aus den vergangenen Wochen st\u00e4rkste Kraft.\n\nAbonniere den WELT YouTube Channel https://www.youtube.com/WELTVideoTV\nWELT DOKU Channel https://www.youtube.com/c/WELTDoku\nWELT Podcast Channel https://www.youtube.com/c/WELTPodcast\nWELT Netzreporter Channel https://www.youtube.com/c/DieNetzreporter\nDer WELT Nachrichten-Livestream http://bit.ly/2fwuMPg\nDie Top-Nachrichten auf WELT.de http://bit.ly/2rQQD9Q\nDie Mediathek auf WELT.de http://bit.ly/2Iydxv8\nWELT Nachrichtensender auf Instagram https://www.instagram.com/welt.nachrichtensender/\nWELT auf Instagram https://www.instagram.com/welt/\n\nIn eigener Sache: Wegen des hohen Aufkommens unsachlicher und beleidigender Beitr\u00e4ge k\u00f6nnen wir zurzeit keine Kommentare mehr zulassen. \n\nDanke f\u00fcr Eurer Verst\u00e4ndnis - das WELT-Team\n\nVideo 2023 erstellt",
        "publish_at": "2023-10-03",
        "view_count": 3970,
        "like_count": 40,
        "duration": "00:04:30"
    },
    {
        "video_id": "T5Q85gQ4cJ4",
        "channel_title": "WELT Nachrichtensender",
        "title": "SELTENE GEBURT: Sumatra-Nashorn st\u00e4rkt bedrohte Population im indonesischen Nationalpark",
        "description": "SELTENE GEBURT: Sumatra-Nashorn st\u00e4rkt bedrohte Population im indonesischen Nationalpark\n\nIn einem indonesischen Nationalpark ist am Samstag ein Sumatra-Nashorn geboren worden. Die Tierart ist sehr selten und stark gef\u00e4hrdet. Weltweit gibt es nur etwa 80 Exemplare.\nUmso wichtiger ist es, dass das kleine Nashornweibchen und ihre Mutter Ratu wohlauf sind. Nachdem sie die Strapazen der Geburt gut \u00fcberstanden haben, k\u00f6nnen sie nun gemeinsam die Welt erkunden.\nMit dem Neugeborenen steigt die Sumatra-Nashornpopulation im Way Kambas National Park auf neun an. Der urspr\u00fcngliche Lebensraum der Tiere ist ihnen zum Gro\u00dfteil vom Menschen geraubt worden.\nAu\u00dferdem sind die Sumatra-Nash\u00f6rner h\u00e4ufig auch Opfer von Wilderei. Sie sind die einzigen asiatischen Nash\u00f6rner mit zwei H\u00f6rnern, was sie sehr wertvoll macht.\n\n#nashorn #natur #indonesien \n\nAbonniere den WELT YouTube Channel https://www.youtube.com/WELTVideoTV\nWELT DOKU Channel https://www.youtube.com/c/WELTDoku\nWELT Podcast Channel https://www.youtube.com/c/WELTPodcast\nWELT Netzreporter Channel https://www.youtube.com/c/DieNetzreporter\nDer WELT Nachrichten-Livestream http://bit.ly/2fwuMPg\nDie Top-Nachrichten auf WELT.de http://bit.ly/2rQQD9Q\nDie Mediathek auf WELT.de http://bit.ly/2Iydxv8\nWELT Nachrichtensender auf Instagram https://www.instagram.com/welt.nachrichtensender/\nWELT auf Instagram https://www.instagram.com/welt/\n\nIn eigener Sache: Wegen des hohen Aufkommens unsachlicher und beleidigender Beitr\u00e4ge k\u00f6nnen wir zurzeit keine Kommentare mehr zulassen. \n\nDanke f\u00fcr Eurer Verst\u00e4ndnis - das WELT-Team\n\nVideo 2023 erstellt",
        "publish_at": "2023-10-03",
        "view_count": 1418,
        "like_count": 21,
        "duration": "00:01:09"
    },
    {
        "video_id": "gG7Qte6JKWM",
        "channel_title": "WELT Nachrichtensender",
        "title": "PUTINS KRIEG: Schwindet die Unterst\u00fctzung f\u00fcr die kriegsgebeutelte Ukraine langsam aber sicher?",
        "description": "PUTINS KRIEG: Schwindet die Solidarit\u00e4t mit der kriegsgebeutelten Ukraine langsam aber sicher?\n\n#ukraine #solidarit\u00e4t #weltnachrichtensender \n\nEs war tats\u00e4chlich ein historisches Treffen. Mit ihrer Zusammenkunft in Kiew kamen die 27 EU-Au\u00dfenminister erstmals au\u00dferhalb der Europ\u00e4ischen Union zusammen. Neben dem Zeichen der Solidarit\u00e4t f\u00fcr das von Russland angegriffene Land ging es auch um weitere Milit\u00e4rhilfen. So wurden pro Jahr f\u00fcnf Milliarden Euro f\u00fcr weitere Waffen und Munition zugesagt.  Doch es war nicht zu \u00fcbersehen. Es tun sich Risse im B\u00fcndnis f\u00fcr die Ukraine auf. Neben Polen und Ungarn geht auch die Slowakei auf Distanz. \n\nAbonniere den WELT YouTube Channel https://www.youtube.com/WELTVideoTV\nWELT DOKU Channel https://www.youtube.com/c/WELTDoku\nWELT Podcast Channel https://www.youtube.com/c/WELTPodcast\nWELT Netzreporter Channel https://www.youtube.com/c/DieNetzreporter\nDer WELT Nachrichten-Livestream http://bit.ly/2fwuMPg\nDie Top-Nachrichten auf WELT.de http://bit.ly/2rQQD9Q\nDie Mediathek auf WELT.de http://bit.ly/2Iydxv8\nWELT Nachrichtensender auf Instagram https://www.instagram.com/welt.nachrichtensender/\nWELT auf Instagram https://www.instagram.com/welt/\n\nIn eigener Sache: Wegen des hohen Aufkommens unsachlicher und beleidigender Beitr\u00e4ge k\u00f6nnen wir zurzeit keine Kommentare mehr zulassen. \n\nDanke f\u00fcr Eurer Verst\u00e4ndnis - das WELT-Team\n\nVideo 2023 erstellt",
        "publish_at": "2023-10-03",
        "view_count": 12102,
        "like_count": 165,
        "duration": "00:03:03"
    },
    {
        "video_id": "MWcWUA5uoa0",
        "channel_title": "WELT Nachrichtensender",
        "title": "MIGRATION BEIM ZAHNARZT: Kanzlerkandidat Friedrich Merz? \"Er ist der Aufgabe nicht gewachsen\"",
        "description": "MIGRATION BEIM ZAHNARZT: Kanzlerkandidat Friedrich Merz? \"Er ist der Aufgabe nicht gewachsen\"\n\n#migration #friedrichmerz #weltnachrichtensender \n\nBundeskanzler Olaf Scholz hat CDU-Chef Friedrich Merz f\u00fcr seine Aussage zur medizinischen Behandlung von abgelehnten Asylbewerbern kritisiert. \u00abWas Herr Merz vorgetragen hat, entspricht nicht der rechtlichen Lage in Deutschland. Ich finde, dass man besser auf seine Worte aufpassen sollte\u00bb, sagte Scholz dem SWR. Merz hatte gesagt, abgelehnte Asylbewerber lie\u00dfen sich in Deutschland die Z\u00e4hne machen und n\u00e4hmen so Deutschen beim Zahnarzt die Termine weg.\n\nAbonniere den WELT YouTube Channel https://www.youtube.com/WELTVideoTV\nWELT DOKU Channel https://www.youtube.com/c/WELTDoku\nWELT Podcast Channel https://www.youtube.com/c/WELTPodcast\nWELT Netzreporter Channel https://www.youtube.com/c/DieNetzreporter\nDer WELT Nachrichten-Livestream http://bit.ly/2fwuMPg\nDie Top-Nachrichten auf WELT.de http://bit.ly/2rQQD9Q\nDie Mediathek auf WELT.de http://bit.ly/2Iydxv8\nWELT Nachrichtensender auf Instagram https://www.instagram.com/welt.nachrichtensender/\nWELT auf Instagram https://www.instagram.com/welt/\n\nIn eigener Sache: Wegen des hohen Aufkommens unsachlicher und beleidigender Beitr\u00e4ge k\u00f6nnen wir zurzeit keine Kommentare mehr zulassen. \n\nDanke f\u00fcr Eurer Verst\u00e4ndnis - das WELT-Team\n\nVideo 2023 erstellt",
        "publish_at": "2023-10-03",
        "view_count": 18312,
        "like_count": 268,
        "duration": "00:06:39"
    },
    {
        "video_id": "qdFTdrimLm8",
        "channel_title": "WELT Nachrichtensender",
        "title": "UKRAINE-KRIEG: Historisches Treffen mit Baerbock-Ansage \u2013 EU-Au\u00dfenminister in Kiew | WELT Stream",
        "description": "UKRAINE-KRIEG: Historisches Treffen mit Baerbock-Ansage \u2013 EU-Au\u00dfenminister in Kiew | WELT Stream\n\nDie EU-Au\u00dfenminister haben sich am Montag zu einem unangek\u00fcndigten Treffen in der ukrainischen Hauptstadt Kiew eingefunden. Der EU-Au\u00dfenbeauftragte Josep Borrell sagte, das erste gemeinsame Treffen dieser Art au\u00dferhalb der EU-Grenzen sende die Botschaft, dass die Unterst\u00fctzung des Staatenbunds f\u00fcr die von Russland angegriffene Ukraine \u00abunersch\u00fctterlich\u00bb sei. Zu dem Treffen hie\u00df es aus Teilnehmerkreisen, dass dieses der \u00dcberpr\u00fcfung der Unterst\u00fctzung f\u00fcr Kiew diene und die Friedensformel des ukrainischen Pr\u00e4sidenten Wolodymyr Selenskyj er\u00f6rtert werden solle.\n\nDie Au\u00dfenminister Ungarns und Polens nahmen an dem Treffen in Kiew nicht teil. Ungeachtet dessen sprach die franz\u00f6sische Au\u00dfenministerin Catherine Colonna von einer au\u00dfergew\u00f6hnlichen diplomatischen Geste, die zeige, \u00abdass die Ukraine Teil unserer europ\u00e4ischen Familie ist\u00bb.\n\nDer d\u00e4nische Au\u00dfenminister Lars L\u00f8kke Rasmussen bekr\u00e4ftigte, Europa m\u00fcsse \u00abaus vielen guten Gr\u00fcnden\u00bb bereitstehen, der Ukraine weitere Hilfen zukommen zu lassen: \u00abZun\u00e4chst einmal, um die Ukraine zu unterst\u00fctzen, aber auch, um ein starkes transatlantisches Signal zu senden, dass wir f\u00fcr das, was auf unserem eigenen Boden geschieht, eine gro\u00dfe Verantwortung \u00fcbernehmen m\u00fcssen.\u00bb\n\nDie Ukraine will der EU beitreten. Bundesau\u00dfenministerin Annalena Baerbock sagte in Kiew, mit jedem Dorf und jedem Meter, den die Ukraine befreie, mit jedem Meter, auf dem es die Menschen in dem Land rette, ebne sie auch den Weg in die Europ\u00e4ische Union. Der luxemburgische Au\u00dfenminister Jean Asselborn sagte, die westlichen Verb\u00fcndeten Kiews m\u00fcssten an der Milit\u00e4rhilfe festhalten, weil der Krieg sonst vorbei sei, \u00ababer mit den falschen Konsequenzen\u00bb.\n\nDer italienische Au\u00dfenminister Antonio Tajani gab bekannt, dass Italien ein Abkommen mit dem ukrainischen Kulturministerium \u00fcber den Wiederaufbau der Kathedrale von Odessa unterzeichnet habe. Die Kathedrale wurde Ende Juli von einer russischen Rakete getroffen und zerst\u00f6rt.\n\nDie USA, die EU und Gro\u00dfbritannien haben der Ukraine in dem Konflikt umfassende Milit\u00e4r- und Finanzhilfen zukommen lassen. Es ist jedoch ungewiss, wie lange die Verb\u00fcndeten die Milliardenhilfen aufrecht erhalten werden. US-Pr\u00e4sident Joe Biden versicherte am Sonntag, die finanzielle Unterst\u00fctzung der USA f\u00fcr die Kriegsanstrengungen werde fortgesetzt. Zuvor hatte der Kongress einen Stillstand der Regierungsgesch\u00e4fte nur durch die Verabschiedung eines \u00dcbergangshaushalts abwenden k\u00f6nnen, aus dem die Unterst\u00fctzung f\u00fcr die Ukraine gestrichen wurde.\n\nDer ukrainische Au\u00dfenminister Dmytro Kuleba sagte, sein Land habe mit Vertretern von Republikanern und Demokraten gesprochen, um sicherzustellen, dass die Hilfe weiter flie\u00dfe. Kreml-Sprecher Dmitri Peskow sagte am Montag, er bezweifle nicht, dass Washington weiterhin direkt in den Konflikt involviert sein werde. Die Kriegsm\u00fcdigkeit der Verb\u00fcndeten werde aber schlie\u00dflich zu einer Zersplitterung der ausl\u00e4ndischen Unterst\u00fctzung f\u00fcr die Ukraine f\u00fchren.\n\nDer britische Verteidigungsminister Grant Shapps erkl\u00e4rte dagegen, die USA w\u00fcrden ihre Unterst\u00fctzung f\u00fcr die Ukraine so schnell nicht zur\u00fcckziehen, und bekr\u00e4ftigte das britische Engagement. \u00abGro\u00dfbritannien wird, unabh\u00e4ngig davon, was anderswo passiert, eine F\u00fchrungsrolle \u00fcbernehmen\u00bb, sagte Shapps bei einem Parteitag der Konservativen in Nordengland.\n\nUnterdessen wurden bei Kampfhandlungen in der Ukraine nach Angaben des Pr\u00e4sidialb\u00fcros in Kiew vom Montag binnen 24 Stunden mindestens f\u00fcnf Zivilisten get\u00f6tet und 13 weitere verletzt, die meisten davon in der Region Donezk. Allein dort seien bei russischen Angriffen auf Wohngebiete in elf St\u00e4dten und D\u00f6rfern drei Menschen get\u00f6tet und f\u00fcnf verletzt worden. Unabh\u00e4ngig best\u00e4tigen lie\u00dfen sich die Angaben nicht.\n\n#weltnachrichtensender #ukraine #usa #krieg #baerbock \n\nAbonniere den WELT YouTube Channel http://bit.ly/WeltVideoTVabo\nWELT DOKUS Channel https://www.youtube.com/c/WELTDoku\nWELT Podcast Channel https://www.youtube.com/c/WELTPodcast\nKurznachrichten auf WELT Netzreporter Channel https://www.youtube.com/c/DieNetzreporter\nDer WELT Nachrichten-Livestream http://bit.ly/2fwuMPg\nDie Top-Nachrichten auf WELT.de http://bit.ly/2rQQD9Q\nDie Mediathek auf WELT.de http://bit.ly/2Iydxv8\nWELT Nachrichtensender auf Instagram https://bit.ly/IGWELTTV\nWELT auf Instagram http://bit.ly/2X1M7Hk\n\nIn eigener Sache: Wegen des hohen Aufkommens unsachlicher und beleidigender Beitr\u00e4ge k\u00f6nnen wir zurzeit keine Kommentare mehr zulassen. \n\nDanke f\u00fcr Eurer Verst\u00e4ndnis - das WELT-Team\n\nVideo 2023 erstellt",
        "publish_at": "2023-10-03",
        "view_count": 42627,
        "like_count": 308,
        "duration": "11:54:56"
    },
    {
        "video_id": "HaQjn4Z7biE",
        "channel_title": "WELT Nachrichtensender",
        "title": "PUTINS KRIEG: Alle EU-Au\u00dfenminister in Kiew \u2013 Baerbock fordert Winter-Schutzschirm f\u00fcr Ukraine",
        "description": "PUTINS KRIEG: Alle EU-Au\u00dfenminister in Kiew \u2013 Baerbock fordert Winter-Schutzschirm f\u00fcr Ukraine\n\n#ukraine #europ\u00e4ischeunion #weltnachrichtensender \n\nDie EU-Au\u00dfenminister haben w\u00e4hrend eines informellen Treffens in Kiew der Ukraine ihre anhaltende Unterst\u00fctzung versichert. \u00abDie EU bleibt in ihrer Unterst\u00fctzung f\u00fcr die Ukraine geeint\u00bb, sagte der EU-Au\u00dfenbeauftragte Josep Borrell am Montag auf einer Pressekonferenz in der ukrainischen Hauptstadt. \u00abIch sehe nicht, dass irgendein Mitgliedsstaat sein Engagement aufgibt.\u00bb Es war das erste Treffen dieser Art au\u00dferhalb der EU-Grenzen.\n\nBorrell listete die Verpflichtungen auf, die die EU einging oder noch einzugehen hofft, darunter die vorgeschlagene Milit\u00e4rhilfe in H\u00f6he von f\u00fcnf Milliarden Euro im kommenden Jahr, das Ziel zur Ausbildung von etwa 40\u00a0000 ukrainischen Soldaten und m\u00f6gliche gemeinsame R\u00fcstungsunternehmen der EU und der Ukraine. Weitere Zeichen des Engagements der EU seien die Unterst\u00fctzung bei der Cyberabwehr, ein Minenr\u00e4umungsprogramm und die Reform der ukrainischen Strafverfolgungsbeh\u00f6rden. Das \u00abst\u00e4rkste sicherheitspolitische Engagement\u00bb der EU f\u00fcr die Ukraine bestehe jedoch darin, dem Land die Mitgliedschaft in der Union zu gew\u00e4hren, sagte er.\n\nDie Ukraine strebt eine Mitgliedschaft in der EU\u00a0an. EU-Vertreter unterst\u00fctzen diesen Kurs, auch wenn der Prozess noch Jahre dauern k\u00f6nnte. Bundesau\u00dfenministerin Annalena Baerbock sagte in Kiew, mit jedem Dorf und jedem Meter, den die Ukraine befreie, mit jedem Meter, auf dem es die Menschen in dem Land rette, ebne sie auch den Weg in die Europ\u00e4ische Union.\n\nDer luxemburgische Au\u00dfenminister Jean Asselborn sagte, die westlichen Verb\u00fcndeten Kiews m\u00fcssten an der Milit\u00e4rhilfe festhalten, weil der Krieg sonst vorbei sei, \u00ababer mit den falschen Konsequenzen\u00bb. Der d\u00e4nische Au\u00dfenminister Lars L\u00f8kke Rasmussen bekr\u00e4ftigte, Europa m\u00fcsse \u00abaus vielen guten Gr\u00fcnden\u00bb bereitstehen, der Ukraine weitere Hilfen zukommen zu lassen: \u00abZun\u00e4chst einmal, um die Ukraine zu unterst\u00fctzen, aber auch, um ein starkes transatlantisches Signal zu senden, dass wir f\u00fcr das, was auf unserem eigenen Boden geschieht, eine gro\u00dfe Verantwortung \u00fcbernehmen m\u00fcssen.\u00bb\n\nDie Au\u00dfenminister Ungarns und Polens nahmen an dem Treffen in Kiew nicht teil. Ungeachtet dessen sprach die franz\u00f6sische Au\u00dfenministerin Catherine Colonna von einer au\u00dfergew\u00f6hnlichen diplomatischen Geste, die zeige, \u00abdass die Ukraine Teil unserer europ\u00e4ischen Familie ist\u00bb.\n\nDie USA, die EU und Gro\u00dfbritannien haben der Ukraine in dem Konflikt umfassende Milit\u00e4r- und Finanzhilfen zukommen lassen. Es ist jedoch ungewiss, wie lange die Verb\u00fcndeten die Milliardenhilfen aufrecht erhalten werden. US-Pr\u00e4sident Joe Biden versicherte am Sonntag, die finanzielle Unterst\u00fctzung der USA f\u00fcr die Kriegsanstrengungen werde fortgesetzt. Zuvor hatte der Kongress einen Stillstand der Regierungsgesch\u00e4fte nur durch die Verabschiedung eines \u00dcbergangshaushalts abwenden k\u00f6nnen, aus dem die Unterst\u00fctzung f\u00fcr die Ukraine gestrichen wurde.\n\nDer ukrainische Au\u00dfenminister Dmytro Kuleba sagte, sein Land habe mit Vertretern von Republikanern und Demokraten gesprochen, um sicherzustellen, dass die Hilfe weiter flie\u00dfe. Kreml-Sprecher Dmitri Peskow sagte am Montag, er bezweifle nicht, dass Washington weiter direkt in den Konflikt involviert sein werde. Die Kriegsm\u00fcdigkeit der Verb\u00fcndeten werde aber schlie\u00dflich zu einer Zersplitterung der ausl\u00e4ndischen Unterst\u00fctzung f\u00fcr die Ukraine f\u00fchren.\n\nBidens Sprecherin Karine Jean-Pierre verwies darauf, dass die USA\u00a0eine Koalition von mehr als 50 Staaten zusammenbegracht h\u00e4tten, die die Ukraine unterst\u00fctzten. Wegen der Sanktionen verschlechtere sich die russische Finanzlage. \u00abHinter der Urkaine steht eine starke, sehr starke internationale Koalition\u00bb, sagte Jean-Pierre am Montag. Falls der russische Pr\u00e4sident Wladimir Putin glaube, den l\u00e4ngeren Atem zu haben, liege er falsch.\n\nDer britische Verteidigungsminister Grant Shapps erkl\u00e4rte, die USA w\u00fcrden ihre Unterst\u00fctzung f\u00fcr die Ukraine so schnell nicht zur\u00fcckziehen, und bekr\u00e4ftigte das britische Engagement. \u00abGro\u00dfbritannien wird, unabh\u00e4ngig davon, was anderswo passiert, eine F\u00fchrungsrolle \u00fcbernehmen\u00bb, sagte Shapps bei einem Parteitag der Konservativen in Nordengland.\n\n\nAbonniere den WELT YouTube Channel https://www.youtube.com/WELTVideoTV\nWELT DOKU Channel https://www.youtube.com/c/WELTDoku\nWELT Podcast Channel https://www.youtube.com/c/WELTPodcast\nWELT Netzreporter Channel https://www.youtube.com/c/DieNetzreporter\nDer WELT Nachrichten-Livestream http://bit.ly/2fwuMPg\nDie Top-Nachrichten auf WELT.de http://bit.ly/2rQQD9Q\nDie Mediathek auf WELT.de http://bit.ly/2Iydxv8\nWELT Nachrichtensender auf Instagram https://www.instagram.com/welt.nachrichtensender/\nWELT auf Instagram https://www.instagram.com/welt/\n\nIn eigener Sache: Wegen des hohen Aufkommens unsachlicher und beleidigender Beitr\u00e4ge k\u00f6nnen wir zurzeit keine Kommentare mehr zulassen. \n\nDanke f\u00fcr Eurer Verst\u00e4ndnis - das WELT-Team\n\nVideo 2023 erstellt",
        "publish_at": "2023-10-03",
        "view_count": 12053,
        "like_count": 122,
        "duration": "00:09:15"
    }
]